{
	"pages": [

		{
		    "path" : "pages/index/index",
		    "style" : {
				"navigationBarTitleText": "首页"
			}
		},
		{
			"path": "pages/index/homePage",
			"style": {
				"navigationBarTitleText": "首页"
			}
		},
		{
			"path": "pages/transfer/list/list",
			"style": {
				"navigationBarTitleText": "赠送列表"
			}

		},
		{
			"path": "pages/choose/list",
			"style": {
				"navigationBarTitleText": "选择代理商"
			}
		},
		{
			"path": "pages/login/bindmobile",
			"style": {
				"navigationBarTitleText": "绑定手机号"
			}
		},
		{
			"path": "pages/login/login",
			"style": {
				"navigationBarTitleText": "登录"
			}
		},
		{
			"path": "pages/login/mplogin",
			"style": {
				"navigationBarTitleText": "登录"
			}
		},
		{
			"path": "pages/user/index/index",
			"style": {
				"navigationBarTitleText": "个人中心"
			}
		},

		{
			"path": "pages/cart/cart",
			"style": {
				"navigationBarTitleText": "购物车"
			}
		},  {
			"path": "pages/recommend/recommend",
			"style": {}
		}
		, {
			"path": "user/pages/address/edit/edit",
			"style": {
				"navigationBarTitleText": "地址编辑"
			}
		}, {
			"path": "components/upload/upload",
			"style": {}
		}, {
			"path": "pages/coupon/coupon",
			"style": {
				"navigationBarTitleText": "领券中心"
			}
		}, {
			"path": "user/pages/my-coupon/my-coupon",
			"style": {
				"navigationBarTitleText": "我的优惠券"
			}
		}, {
			"path": "user/pages/points/points",
			"style": {
				"navigationBarTitleText": "积分"
			}
		},
		{
			"path": "user/pages/points/charge",
			"style": {
				"navigationBarTitleText": "积分充值"
			}
		}, {
			"path": "pages/store/address/address",
			"style": {
				"navigationBarTitleText": "门店列表"
			}
		},
		{
			"path": "pages/store/clerkorder",
			"style": {
				"navigationBarTitleText": "订单核销"
			}
		},
		{
            "path" : "pages/diy-page/diy-page",
            "style" : {
				"navigationBarTitleText": "页面"
			}
        }
        ,{
            "path" : "user/pages/invite/invite",
            "style" : {
				"navigationBarTitleText": "邀请有礼"
			}
        }
        ,{
            "path" : "user/pages/my-bargain/my-bargain",
            "style" : {
				"navigationBarTitleText": "我的砍价"
			}
        }
        ,{
            "path" : "pages/store/detail/detail",
            "style" : {
				"navigationBarTitleText": "门店详情"
			}
        }
        ,{
            "path" : "pages/login/weblogin",
            "style" : {
				"navigationBarTitleText": "登录",
				"navigationStyle": "custom"
			}
        }

        , {
			"path" : "user/pages/set/set",
			"style" : {
				"navigationBarTitleText": "设置"
			}
		},
		{
			"path": "user/pages/my-coupon-transfer/my-coupon-transfer",
			"style": {
				"navigationBarTitleText": "转让优惠券"
			}
		}, {
			"path": "user/pages/my-coupon-choose/my-coupon-choose",
			"style": {
				"navigationBarTitleText": "转让优惠券"
			}
		},{
			"path": "user/pages/my-coupon-log/my-coupon-log",
			"style": {
				"navigationBarTitleText": "转让记录"
			}
		},{
			"path": "user/pages/my-coupon-success/my-coupon-success",
			"style": {
				"navigationBarTitleText": "转让优惠券"
			}
		}

		,{
            "path" : "pages/auction/auction/auction",
            "style" : {
				"navigationBarTitleText": "拍卖"
			}
        }

        ,{
            "path" : "pages/auction/detail/detail",
            "style" : {
				"navigationBarTitleText": "拍卖详情"
			}
        }
        ,{
            "path" : "pages/login/bindUserId",
            "style" : {
				"navigationBarTitleText": "绑定上级"
			}
        }
		,
		{
            "path" : "pages/website/website",
            "style" : {
				"navigationBarTitleText": "官网"
			}
        }
        ,{
            "path" : "pages/inviter/inviter",
            "style" : {
				"navigationBarTitleText": "用户邀请"
			}
		}   ,{
            "path" : "pages/map/index/index",
				"style" : {
					"navigationBarTitleText": "地理位置"
				}
			}
          ,{
		    "path" : "pages/error/error",
		    "style" :
		    {
		        "navigationBarTitleText": "错误提示"
		    }

		}

    ],
	"subPackages": [
		{
		  "root": "card",
		  "pages": [
			{
				"path" : "pages/card/index",
				"style" : {
					"navigationBarTitleText": "名片"
				}
			},
			{
				"path" : "pages/card/edit",
				"style" : {
					"navigationBarTitleText": "名片"
				}
			}
			,{
				"path" : "pages/card/share/index",
				"style" : {
					"navigationBarTitleText": "名片分享"
				}
			},{
				"path" : "pages/card/staff/mine/mine",
				"style" : {
					"navigationBarTitleText": "我的名片"
				}
			}
				,{
					"path" : "pages/card/staff/radar/radar",
					"style" : {
						"navigationBarTitleText": "雷达"
					}
				}
                ,{
                    "path" : "pages/card/staff/custom/custom",
                    "style" :{
						"navigationBarTitleText": "客户"
					}

                }
                ,{
                    "path" : "pages/card/staff/custom/detail",
                    "style" :{
						"navigationBarTitleText": "客户详情"
					}

                }
				,{
				    "path" : "pages/card/staff/custom/editInfo",
				    "style" :{
						"navigationBarTitleText": "客户信息"
					}

				}
                ,{
                    "path" : "pages/card/staff/mytags/mytags",
                    "style" :{
						"navigationBarTitleText": "标签栏目"
					}

                },
				{
					"path":"pages/card/staff/mytags/custom",
					"style":{
						"navigationBarTitleText":"标签客户"
					}
				}
                ,{
                    "path" : "pages/card/staff/mytags/star",
                    "style" : {
						"navigationBarTitleText": "星标客户"
					}
                }
				,{
				    "path" : "pages/card/staff/custom/tag",
				    "style" : {
						"navigationBarTitleText": "添加标签"
					}
				}
                ,{
                    "path" : "pages/card/staff/message/message",
                    "style" :
                {
                    "navigationBarTitleText": "咨询"
                }

                }
                ,{
                    "path" : "pages/card/chat/staffchat",
                    "style" :{
						"navigationBarTitleText": "客户咨询"
					}
                }
				,{
				    "path" : "pages/card/chat/chat",
				    "style" :{
						"navigationBarTitleText": "客户咨询"
					}
				}
                ,{
                    "path" : "pages/card/square/square",
                    "style" :{
						"navigationBarTitleText": "人脉圈",
						"enablePullDownRefresh": false
					}
                },{
                    "path" : "pages/card/square/filter",
                    "style" :{
						"navigationBarTitleText": "人脉圈",
						"enablePullDownRefresh": false
					}

                }
                ,{
                    "path" : "pages/card/boss/index/index",
                    "style" :
                {
                    "navigationBarTitleText": "BOSS雷达",
                    "enablePullDownRefresh": false
                }

                }
                ,{
                    "path" : "pages/card/boss/client/client",
                    "style" :
                {
                    "navigationBarTitleText": "客户列表",
                    "enablePullDownRefresh": false
                }

                },
				{
				    "path" : "pages/card/category/category",
				    "style" : {
						"navigationBarTitleText": "行业分类"
					}
				}
                ,{
                    "path" : "pages/card/boss/inviter/inviter",
                    "style" :
                {
                    "navigationBarTitleText": "邀请码",
                    "enablePullDownRefresh": false
                }

                }
				,{
				    "path" : "pages/card/staff/mine/apply",
				    "style" :
				{
				    "navigationBarTitleText": "名片续费",
				    "enablePullDownRefresh": false
				}

				}
            ]
		},
		{
			"root": "main",
			"pages": [
				{"path": "pages/order/confirm-order/confirm-order", "style": {"navigationBarTitleText": "确认订单"}},
				{"path": "pages/order/myorder/myorder", "style": {"navigationBarTitleText": "我的订单"}},
				{"path": "pages/order/order-detail/order-detail", "style": {"navigationBarTitleText": "订单详情"}},
				{"path": "pages/order/evaluate/evaluate", "style": {"navigationBarTitleText": "评价"}},
				{"path": "pages/order/express/express", "style": {"navigationBarTitleText": "物流"}},
				{"path": "pages/order/refund/apply/apply", "style": {"navigationBarTitleText": "申请售后"}},
				{"path": "pages/order/refund/index/index", "style": {"navigationBarTitleText": "售后"}},
				{"path": "pages/order/refund/detail/detail", "style": {"navigationBarTitleText": "售后详情"}},
				{"path" : "pages/order/pay-success/pay-success", "style" : {"navigationBarTitleText": "支付成功"}},
				{"path" : "pages/order/pay-result/pay-result", "style" : {"navigationBarTitleText": "支付结果"}},
				{"path" : "pages/order/order-unionpay/order-unionpay", "style" : {"navigationBarTitleText": "订单支付"}},
				{"path" : "pages/order/pay-h5/pay-h5", "style" : {"navigationBarTitleText": "订单支付"}},
				{"path": "pages/agent/index/index", "style": {"navigationBarTitleText": "分销中心"}},
				{"path": "pages/agent/apply/apply", "style": {"navigationBarTitleText": "申请成为分销商"}},
				{"path": "pages/agent/cash/apply/apply", "style": {"navigationBarTitleText": "申请提现"}},
				{"path": "pages/agent/cash/list/list", "style": {"navigationBarTitleText": "提现明细"}},
				{"path": "pages/agent/order/order", "style": {"navigationBarTitleText": "分销订单"}},
				{"path": "pages/agent/log/log", "style": {"navigationBarTitleText": "收益明细"}},
				{"path": "pages/agent/team/team", "style": {"navigationBarTitleText": "我的团队"}},
				{"path": "pages/agent/qrcode/qrcode", "style": {"navigationBarTitleText": "推广二维码"}},
				{"path" : "pages/agent/achievement/achievement", "style" : {"navigationBarTitleText": "业绩明细"}},
				{"path": "pages/product/category", "style": {"navigationBarTitleText": "分类"}},
				{"path": "pages/product/list/list", "style": {"navigationBarTitleText": "商品列表"}},
				{"path": "pages/product/detail/detail", "style": {"navigationBarTitleText": "商品详情"}},
				{"path": "pages/product/search/search", "style": {"navigationBarTitleText": "搜索"}},
				{"path": "pages/product/detail/look-evaluate/look-evaluate", "style": {"navigationBarTitleText": "商品评价"}},
				{"path" : "pages/product/detail/popup/attr", "style" : {"navigationBarTitleText": "", "enablePullDownRefresh": false}}

			]
		},
		{
			 "root": "user",
			        "pages": [
						{"path" : "pages/changeUser/changeUser", "style" : {"navigationBarTitleText": "用户切换"}},
						{"path" : "pages/collect/collect", "style" : {"navigationBarTitleText": "我的收藏"}},
						{"path" : "pages/storage/part/giving-success", "style" : {"navigationBarTitleText": "赠送成功"}},
						{"path" : "pages/storage/part/share", "style" : {"navigationBarTitleText": "赠送分享"}},
						{"path" : "pages/storage/delivery", "style" : {"navigationBarTitleText": "提货"}},
						{"path" : "pages/storage/part/delivery-success", "style" : {"navigationBarTitleText": "提货成功"}},
						{"path" : "pages/storage/giving", "style" : {"navigationBarTitleText": "赠送"}},
						{"path" : "pages/storage/detail", "style" : {"navigationBarTitleText": "云仓详情"}},
						{"path" : "pages/storage/list", "style" : {"navigationBarTitleText": "我的云仓"}},
						{"path" : "pages/my-browse/my-browse", "style" : {"navigationBarTitleText": "浏览记录"}},
						{"path" : "pages/friends/index", "style" : {"navigationBarTitleText": "好友圈"}},
						{"path": "pages/my-wallet/my-wallet", "style": {"navigationBarTitleText": "我的钱包"}},
						{"path": "pages/address/add/add", "style": {"navigationBarTitleText": "添加收货地址"}},
						{"path": "pages/grade/apply", "style": {"navigationBarTitleText": "会员升级"}},
						{"path": "pages/address/address", "style": {"navigationBarTitleText": "设置地址"}},
						{"path": "pages/userinfo/userinfo", "style": {"navigationBarTitleText": "用户信息"}},
						{"path": "pages/user/edit", "style" : {"navigationBarTitleText": "个人资料", "enablePullDownRefresh": false}},
					{"path" : "pages/user/info", "style" : {"navigationBarTitleText": "修改资料", "enablePullDownRefresh": false}},
					{"path" : "pages/user/login", "style" : {"navigationBarTitleText": "密码登录", "enablePullDownRefresh": false, "navigationStyle": "custom"}},
					{"path" : "pages/user/reg", "style" :{"navigationBarTitleText": "注册账号", "enablePullDownRefresh": false, "navigationStyle": "custom"}}
					]
		},
		{
			"root": "plus",
			"pages": [
				{"path" : "pages/article/list/list", "style" : {"navigationBarTitleText": "文章列表"}},
				{"path" : "pages/article/detail/detail", "style" : {"navigationBarTitleText": "文章详情"}},
				{"path": "pages/supply/index/index", "style": {"navigationBarTitleText": "商家中心"}},
				{"path": "pages/supply/product/list/list", "style": {"navigationBarTitleText": "商品列表"}},
				{"path": "pages/supply/product/assemble/list", "style": {"navigationBarTitleText": "拼团管理"}},
				{"path": "pages/supply/product/assemble/product", "style": {"navigationBarTitleText": "拼团商品"}},
				{"path": "pages/supply/product/assemble/add", "style": {"navigationBarTitleText": "添加活动"}},
				{"path": "pages/supply/product/assemble/edit", "style": {"navigationBarTitleText": "活动编辑"}},
				{"path": "pages/supply/product/assemble/product/add", "style": {"navigationBarTitleText": "添加拼团商品"}},
				{"path": "pages/supply/product/assemble/product/edit", "style": {"navigationBarTitleText": "参团商品修改"}},
				{"path": "pages/supply/product/add", "style": {"navigationBarTitleText": "添加商品"}},
				{"path": "pages/supply/product/edit", "style": {"navigationBarTitleText": "修改商品"}},
				{"path": "pages/supply/product/part/content", "style": {"navigationBarTitleText": "商品详情"}},
				{"path" : "pages/supply/detail/detail", "style" : {"navigationBarTitleText": "店铺主页"}},
				{"path" : "pages/supply/apply", "style" : {"navigationBarTitleText": "商家申请"}},
				{"path" : "pages/supply/qrcode/qrcode", "style" : {"navigationBarTitleText": "门店"}},
				{"path": "pages/adv/adv/apply", "style": {"navigationBarTitleText": "广告位申请"}},
				{"path": "pages/adv/adv/order", "style": {"navigationBarTitleText": "我的广告位"}},
				{"path" : "pages/signin/signin", "style" : {"navigationBarTitleText": "签到"}},
				{"path" : "pages/giftpackage/giftpackage", "style" : {"navigationBarTitleText": "礼包购"}},
				{"path" : "pages/points/list/list", "style" : {"navigationBarTitleText": "积分商城"}},
				{"path" : "pages/points/detail/detail", "style" : {"navigationBarTitleText": "积分商品详情"}},
				{"path" : "pages/seckill/list/list", "style" : {"navigationBarTitleText": "秒杀列表"}},
				{"path" : "pages/seckill/detail/detail", "style" : {"navigationBarTitleText": "秒杀详情"}},
				{"path" : "pages/assemble/list/list", "style" : {"navigationBarTitleText": "拼团列表"}},
			{"path" : "pages/assemble/list/list2", "style" : {"navigationBarTitleText": "拼团列表"}},
				{"path" : "pages/assemble/detail/detail", "style" : {"navigationBarTitleText": "拼团详情"}},
				{"path" : "pages/assemble/fight-group-detail/fight-group-detail", "style" : {"navigationBarTitleText": "分享拼团"}},
				{"path" : "pages/bargain/list/list", "style" : {"navigationBarTitleText": "砍价列表"}},
				{"path" : "pages/bargain/detail/detail", "style" : {"navigationBarTitleText": "砍价详情"}},
				{"path" : "pages/bargain/haggle/haggle", "style" : {"navigationBarTitleText": "砍价购"}},
				{"path" : "pages/signin/rule/rule", "style" : {"navigationBarTitleText": "活动规则"}},
				{"path" : "pages/live/wx/list", "style" : {"navigationBarTitleText": "微信直播"}},
				{"path" : "pages/icp/icp", "style" : {"navigationBarTitleText": "ICP备案查询"}},
				{"path" : "pages/certify/apply/apply", "style" : {"navigationBarTitleText": "实名认证"}},
				{"path" : "pages/certify/index", "style" : {"navigationBarTitleText": "实名认证"}},
				{"path" : "pages/adv/order/order", "style" : {"navigationBarTitleText": "广告详情"}} ,
				{"path" : "pages/adv/order/adv-info", "style" : {"navigationBarTitleText": "选择链接"}}
			]
		}
	],
	"preloadRule": {
		"card/pages/card/index": {
			"network": "all",
			"packages": ["__APP__"]
		}
	},
	"globalStyle": {
		"navigationBarTextStyle": "white",
		"navigationBarTitleText": "uni-app",
		"navigationBarBackgroundColor": "#E2231A",
		"backgroundColor": "#E2231A"
	},

	"condition": { //模式配置，仅开发期间生效
		"current": 0, //当前激活的模式(list 的索引项)
		"list": [{
			"name": "", //模式名称
			"path": "", //启动页面，必选
			"query": "" //启动参数，在页面的onLoad函数里面得到
		}]
	}
}
